[
    {
        "id": "42a22dd1.1609cc",
        "type": "tab",
        "label": "Flow 1",
        "disabled": false,
        "info": ""
    },
    {
        "id": "47123122.e502c8",
        "type": "scanBeacon",
        "z": "42a22dd1.1609cc",
        "name": "Scanner Room1",
        "beacon_uuid": "e2c56db5dffb48d2b060d0f5a71096e7",
        "beacon_major": "0",
        "beacon_minor": "0",
        "to_json": true,
        "x": 260,
        "y": 360,
        "wires": [
            [
                "5eac7f66.9ea968",
                "fc09cb58.a1245",
                "26d9e922.23f87e",
                "3661b984.3a230e",
                "4117f6c6.a11e5",
                "d6ae5501.f4535"
            ]
        ]
    },
    {
        "id": "4ed5f888.e5e3a",
        "type": "debug",
        "z": "42a22dd1.1609cc",
        "name": "",
        "active": true,
        "console": "false",
        "complete": "false",
        "x": 1470,
        "y": 740,
        "wires": []
    },
    {
        "id": "174ab9ea.608586",
        "type": "emulateBeacon",
        "z": "42a22dd1.1609cc",
        "name": "Person1",
        "beacon_uuid": "e2c56db5dffb48d2b060d0f5a71096e1",
        "beacon_major": "0",
        "beacon_minor": "0",
        "beacon_power": "-59",
        "x": 1445,
        "y": 788,
        "wires": [
            [
                "4ed5f888.e5e3a"
            ]
        ]
    },
    {
        "id": "206e442.6d88c3c",
        "type": "scanBeacon",
        "z": "42a22dd1.1609cc",
        "name": "Scanner Room2",
        "beacon_uuid": "e2c56db5dffb48d2b060d0f5a71096e8",
        "beacon_major": "0",
        "beacon_minor": "0",
        "to_json": true,
        "x": 280,
        "y": 1000,
        "wires": [
            [
                "108239b2.f9278e",
                "52715228.00a2c4",
                "c5b55cd8.2969b",
                "3851f41.cf9d38c",
                "e575f43f.e2343",
                "fe61b6ec.00389"
            ]
        ]
    },
    {
        "id": "fe61b6ec.00389",
        "type": "debug",
        "z": "42a22dd1.1609cc",
        "name": "",
        "active": true,
        "console": "false",
        "complete": "false",
        "x": 270,
        "y": 880,
        "wires": []
    },
    {
        "id": "daf3ba7f.1d9cb8",
        "type": "scanBeacon",
        "z": "42a22dd1.1609cc",
        "name": "Scanner Room3",
        "beacon_uuid": "e2c56db5dffb48d2b060d0f5a71096e9",
        "beacon_major": "0",
        "beacon_minor": "0",
        "to_json": true,
        "x": 1300,
        "y": 380,
        "wires": [
            [
                "fc6ef3aa.e77fe8",
                "1c90faca.bd0d8d",
                "67743b2b.2c6a24",
                "5f3a0386.45187c",
                "a3152f7.70d7b5",
                "7513f03b.65fa18"
            ]
        ]
    },
    {
        "id": "7513f03b.65fa18",
        "type": "debug",
        "z": "42a22dd1.1609cc",
        "name": "",
        "active": true,
        "console": "false",
        "complete": "false",
        "x": 1290,
        "y": 300,
        "wires": []
    },
    {
        "id": "5ab87a4d.9c9abc",
        "type": "debug",
        "z": "42a22dd1.1609cc",
        "name": "",
        "active": true,
        "console": "false",
        "complete": "false",
        "x": 1450,
        "y": 860,
        "wires": []
    },
    {
        "id": "c96f0cb4.455df",
        "type": "emulateBeacon",
        "z": "42a22dd1.1609cc",
        "name": "Person2",
        "beacon_uuid": "e2c56db5dffb48d2b060d0f5a71096e2",
        "beacon_major": "0",
        "beacon_minor": "0",
        "beacon_power": "-59",
        "x": 1425,
        "y": 908,
        "wires": [
            [
                "5ab87a4d.9c9abc"
            ]
        ]
    },
    {
        "id": "5ac36ca8.b72644",
        "type": "debug",
        "z": "42a22dd1.1609cc",
        "name": "",
        "active": true,
        "console": "false",
        "complete": "false",
        "x": 1490,
        "y": 960,
        "wires": []
    },
    {
        "id": "6a38ab86.e54684",
        "type": "emulateBeacon",
        "z": "42a22dd1.1609cc",
        "name": "Person3",
        "beacon_uuid": "e2c56db5dffb48d2b060d0f5a71096e3",
        "beacon_major": "0",
        "beacon_minor": "0",
        "beacon_power": "-59",
        "x": 1455,
        "y": 1008,
        "wires": [
            [
                "5ac36ca8.b72644"
            ]
        ]
    },
    {
        "id": "c4b87e25.7708b8",
        "type": "debug",
        "z": "42a22dd1.1609cc",
        "name": "",
        "active": true,
        "console": "false",
        "complete": "false",
        "x": 1478,
        "y": 1066,
        "wires": []
    },
    {
        "id": "1bf219d9.3c5f3e",
        "type": "emulateBeacon",
        "z": "42a22dd1.1609cc",
        "name": "Person4",
        "beacon_uuid": "e2c56db5dffb48d2b060d0f5a71096e4",
        "beacon_major": "0",
        "beacon_minor": "0",
        "beacon_power": "-59",
        "x": 1453,
        "y": 1114,
        "wires": [
            [
                "c4b87e25.7708b8"
            ]
        ]
    },
    {
        "id": "cbf8b16.3d313d",
        "type": "debug",
        "z": "42a22dd1.1609cc",
        "name": "",
        "active": true,
        "console": "false",
        "complete": "false",
        "x": 1478,
        "y": 1166,
        "wires": []
    },
    {
        "id": "dcad3b85.527b6",
        "type": "emulateBeacon",
        "z": "42a22dd1.1609cc",
        "name": "Person5",
        "beacon_uuid": "e2c56db5dffb48d2b060d0f5a71096e5",
        "beacon_major": "0",
        "beacon_minor": "0",
        "beacon_power": "-59",
        "x": 1453,
        "y": 1214,
        "wires": [
            [
                "cbf8b16.3d313d"
            ]
        ]
    },
    {
        "id": "78042c10.8a4d9c",
        "type": "ui_button",
        "z": "42a22dd1.1609cc",
        "name": "",
        "group": "bc6cf319.b54748",
        "order": 1,
        "width": 4,
        "height": 1,
        "passthru": false,
        "label": "ON",
        "tooltip": "",
        "color": "green",
        "bgcolor": "",
        "icon": "bluetooth",
        "payload": "1",
        "payloadType": "num",
        "topic": "",
        "x": 90,
        "y": 320,
        "wires": [
            [
                "47123122.e502c8"
            ]
        ]
    },
    {
        "id": "dc0fff6e.7e2f58",
        "type": "ui_button",
        "z": "42a22dd1.1609cc",
        "name": "",
        "group": "bc6cf319.b54748",
        "order": 2,
        "width": 4,
        "height": 1,
        "passthru": false,
        "label": "OFF ",
        "tooltip": "",
        "color": "red",
        "bgcolor": "",
        "icon": "bluetooth",
        "payload": "0",
        "payloadType": "num",
        "topic": "",
        "x": 90,
        "y": 380,
        "wires": [
            [
                "47123122.e502c8"
            ]
        ]
    },
    {
        "id": "5b216709.6b803",
        "type": "ui_button",
        "z": "42a22dd1.1609cc",
        "name": "",
        "group": "eb886b04.01dd88",
        "order": 1,
        "width": 2,
        "height": 1,
        "passthru": false,
        "label": "ON",
        "tooltip": "",
        "color": "green",
        "bgcolor": "",
        "icon": "person",
        "payload": "1",
        "payloadType": "num",
        "topic": "",
        "x": 1270,
        "y": 760,
        "wires": [
            [
                "174ab9ea.608586"
            ]
        ]
    },
    {
        "id": "47edd8d8.5ccfb8",
        "type": "ui_button",
        "z": "42a22dd1.1609cc",
        "name": "",
        "group": "eb886b04.01dd88",
        "order": 2,
        "width": 2,
        "height": 1,
        "passthru": false,
        "label": "OFF ",
        "tooltip": "",
        "color": "red",
        "bgcolor": "",
        "icon": "person",
        "payload": "0",
        "payloadType": "num",
        "topic": "",
        "x": 1270,
        "y": 800,
        "wires": [
            [
                "174ab9ea.608586"
            ]
        ]
    },
    {
        "id": "68c38552.bdad64",
        "type": "ui_button",
        "z": "42a22dd1.1609cc",
        "name": "",
        "group": "f1c6be6b.33e9e8",
        "order": 1,
        "width": 4,
        "height": 1,
        "passthru": false,
        "label": "ON",
        "tooltip": "",
        "color": "green",
        "bgcolor": "",
        "icon": "bluetooth",
        "payload": "1",
        "payloadType": "num",
        "topic": "",
        "x": 110,
        "y": 960,
        "wires": [
            [
                "206e442.6d88c3c"
            ]
        ]
    },
    {
        "id": "338ad83.f2a81a8",
        "type": "ui_button",
        "z": "42a22dd1.1609cc",
        "name": "",
        "group": "f1c6be6b.33e9e8",
        "order": 2,
        "width": 4,
        "height": 1,
        "passthru": false,
        "label": "OFF ",
        "tooltip": "",
        "color": "red",
        "bgcolor": "",
        "icon": "bluetooth",
        "payload": "0",
        "payloadType": "num",
        "topic": "",
        "x": 110,
        "y": 1040,
        "wires": [
            [
                "206e442.6d88c3c"
            ]
        ]
    },
    {
        "id": "3c4514e.bb2856c",
        "type": "ui_button",
        "z": "42a22dd1.1609cc",
        "name": "",
        "group": "a7f67c4c.624a8",
        "order": 1,
        "width": 4,
        "height": 1,
        "passthru": false,
        "label": "ON",
        "tooltip": "",
        "color": "green",
        "bgcolor": "",
        "icon": "bluetooth",
        "payload": "1",
        "payloadType": "num",
        "topic": "",
        "x": 1090,
        "y": 320,
        "wires": [
            [
                "daf3ba7f.1d9cb8"
            ]
        ]
    },
    {
        "id": "4378d446.208b04",
        "type": "ui_button",
        "z": "42a22dd1.1609cc",
        "name": "",
        "group": "a7f67c4c.624a8",
        "order": 2,
        "width": 4,
        "height": 1,
        "passthru": false,
        "label": "OFF ",
        "tooltip": "",
        "color": "red",
        "bgcolor": "",
        "icon": "bluetooth",
        "payload": "0",
        "payloadType": "num",
        "topic": "",
        "x": 1090,
        "y": 420,
        "wires": [
            [
                "daf3ba7f.1d9cb8"
            ]
        ]
    },
    {
        "id": "16ecffe5.890488",
        "type": "ui_button",
        "z": "42a22dd1.1609cc",
        "name": "",
        "group": "23754437.14da7c",
        "order": 1,
        "width": 2,
        "height": 1,
        "passthru": false,
        "label": "ON",
        "tooltip": "",
        "color": "green",
        "bgcolor": "",
        "icon": "person",
        "payload": "1",
        "payloadType": "num",
        "topic": "",
        "x": 1270,
        "y": 880,
        "wires": [
            [
                "c96f0cb4.455df"
            ]
        ]
    },
    {
        "id": "6a997aab.3ee1cc",
        "type": "ui_button",
        "z": "42a22dd1.1609cc",
        "name": "",
        "group": "23754437.14da7c",
        "order": 2,
        "width": 2,
        "height": 1,
        "passthru": false,
        "label": "OFF ",
        "tooltip": "",
        "color": "red",
        "bgcolor": "",
        "icon": "person",
        "payload": "0",
        "payloadType": "num",
        "topic": "",
        "x": 1270,
        "y": 920,
        "wires": [
            [
                "c96f0cb4.455df"
            ]
        ]
    },
    {
        "id": "502d182b.50495",
        "type": "ui_button",
        "z": "42a22dd1.1609cc",
        "name": "",
        "group": "b4e8854a.3131e8",
        "order": 1,
        "width": 2,
        "height": 1,
        "passthru": false,
        "label": "ON",
        "tooltip": "",
        "color": "green",
        "bgcolor": "",
        "icon": "person",
        "payload": "1",
        "payloadType": "num",
        "topic": "",
        "x": 1278,
        "y": 986,
        "wires": [
            [
                "6a38ab86.e54684"
            ]
        ]
    },
    {
        "id": "ad076ee3.727b78",
        "type": "ui_button",
        "z": "42a22dd1.1609cc",
        "name": "",
        "group": "b4e8854a.3131e8",
        "order": 2,
        "width": 2,
        "height": 1,
        "passthru": false,
        "label": "OFF ",
        "tooltip": "",
        "color": "red",
        "bgcolor": "",
        "icon": "person",
        "payload": "0",
        "payloadType": "num",
        "topic": "",
        "x": 1278,
        "y": 1026,
        "wires": [
            [
                "6a38ab86.e54684"
            ]
        ]
    },
    {
        "id": "262248f6.c8143",
        "type": "ui_button",
        "z": "42a22dd1.1609cc",
        "name": "",
        "group": "6b6e0766.524948",
        "order": 1,
        "width": 2,
        "height": 1,
        "passthru": false,
        "label": "ON",
        "tooltip": "",
        "color": "green",
        "bgcolor": "",
        "icon": "person",
        "payload": "1",
        "payloadType": "num",
        "topic": "",
        "x": 1278,
        "y": 1086,
        "wires": [
            [
                "1bf219d9.3c5f3e"
            ]
        ]
    },
    {
        "id": "f48a7f9d.98345",
        "type": "ui_button",
        "z": "42a22dd1.1609cc",
        "name": "",
        "group": "6b6e0766.524948",
        "order": 2,
        "width": 2,
        "height": 1,
        "passthru": false,
        "label": "OFF ",
        "tooltip": "",
        "color": "red",
        "bgcolor": "",
        "icon": "person",
        "payload": "0",
        "payloadType": "num",
        "topic": "",
        "x": 1278,
        "y": 1126,
        "wires": [
            [
                "1bf219d9.3c5f3e"
            ]
        ]
    },
    {
        "id": "48212da2.94eb9c",
        "type": "ui_button",
        "z": "42a22dd1.1609cc",
        "name": "",
        "group": "da8e23fb.7aa33",
        "order": 1,
        "width": 2,
        "height": 1,
        "passthru": false,
        "label": "ON",
        "tooltip": "",
        "color": "green",
        "bgcolor": "",
        "icon": "person",
        "payload": "1",
        "payloadType": "num",
        "topic": "",
        "x": 1278,
        "y": 1186,
        "wires": [
            [
                "dcad3b85.527b6"
            ]
        ]
    },
    {
        "id": "2420353.d64624a",
        "type": "ui_button",
        "z": "42a22dd1.1609cc",
        "name": "",
        "group": "da8e23fb.7aa33",
        "order": 2,
        "width": 2,
        "height": 1,
        "passthru": false,
        "label": "OFF ",
        "tooltip": "",
        "color": "red",
        "bgcolor": "",
        "icon": "person",
        "payload": "0",
        "payloadType": "num",
        "topic": "",
        "x": 1278,
        "y": 1226,
        "wires": [
            [
                "dcad3b85.527b6"
            ]
        ]
    },
    {
        "id": "eeb264d3.8f3d6",
        "type": "firebase modify",
        "z": "42a22dd1.1609cc",
        "name": "",
        "firebaseconfig": "",
        "childpath": "R1/P1",
        "method": "set",
        "value": "1",
        "priority": "",
        "x": 790,
        "y": 60,
        "wires": [
            []
        ]
    },
    {
        "id": "5eac7f66.9ea968",
        "type": "switch",
        "z": "42a22dd1.1609cc",
        "name": "",
        "property": "payload",
        "propertyType": "msg",
        "rules": [
            {
                "t": "eq",
                "v": "e2c56db5dffb48d2b060d0f5a71096e1",
                "vt": "str"
            }
        ],
        "checkall": "true",
        "repair": false,
        "outputs": 1,
        "x": 510,
        "y": 100,
        "wires": [
            [
                "eeb264d3.8f3d6",
                "43081970.fe80e",
                "3779748c.b8e0b4"
            ]
        ]
    },
    {
        "id": "43081970.fe80e",
        "type": "firebase modify",
        "z": "42a22dd1.1609cc",
        "name": "",
        "firebaseconfig": "",
        "childpath": "R2/P1",
        "method": "set",
        "value": "0",
        "priority": "",
        "x": 790,
        "y": 100,
        "wires": [
            []
        ]
    },
    {
        "id": "3779748c.b8e0b4",
        "type": "firebase modify",
        "z": "42a22dd1.1609cc",
        "name": "",
        "firebaseconfig": "",
        "childpath": "R3/P1",
        "method": "set",
        "value": "0",
        "priority": "",
        "x": 790,
        "y": 140,
        "wires": [
            []
        ]
    },
    {
        "id": "6a410676.a1c6b8",
        "type": "firebase modify",
        "z": "42a22dd1.1609cc",
        "name": "",
        "firebaseconfig": "",
        "childpath": "R1/P2",
        "method": "set",
        "value": "1",
        "priority": "",
        "x": 790,
        "y": 180,
        "wires": [
            []
        ]
    },
    {
        "id": "fc09cb58.a1245",
        "type": "switch",
        "z": "42a22dd1.1609cc",
        "name": "",
        "property": "payload",
        "propertyType": "msg",
        "rules": [
            {
                "t": "eq",
                "v": "e2c56db5dffb48d2b060d0f5a71096e2",
                "vt": "str"
            }
        ],
        "checkall": "true",
        "repair": false,
        "outputs": 1,
        "x": 510,
        "y": 200,
        "wires": [
            [
                "6a410676.a1c6b8",
                "4e28e95a.133718",
                "bbce260a.408b5"
            ]
        ]
    },
    {
        "id": "4e28e95a.133718",
        "type": "firebase modify",
        "z": "42a22dd1.1609cc",
        "name": "",
        "firebaseconfig": "",
        "childpath": "R2/P2",
        "method": "set",
        "value": "0",
        "priority": "",
        "x": 790,
        "y": 220,
        "wires": [
            []
        ]
    },
    {
        "id": "bbce260a.408b5",
        "type": "firebase modify",
        "z": "42a22dd1.1609cc",
        "name": "",
        "firebaseconfig": "",
        "childpath": "R3/P2",
        "method": "set",
        "value": "0",
        "priority": "",
        "x": 790,
        "y": 260,
        "wires": [
            []
        ]
    },
    {
        "id": "dc247262.6bf038",
        "type": "firebase modify",
        "z": "42a22dd1.1609cc",
        "name": "",
        "firebaseconfig": "",
        "childpath": "R1/P3",
        "method": "set",
        "value": "1",
        "priority": "",
        "x": 790,
        "y": 300,
        "wires": [
            []
        ]
    },
    {
        "id": "26d9e922.23f87e",
        "type": "switch",
        "z": "42a22dd1.1609cc",
        "name": "",
        "property": "payload",
        "propertyType": "msg",
        "rules": [
            {
                "t": "eq",
                "v": "e2c56db5dffb48d2b060d0f5a71096e3",
                "vt": "str"
            }
        ],
        "checkall": "true",
        "repair": false,
        "outputs": 1,
        "x": 510,
        "y": 320,
        "wires": [
            [
                "dc247262.6bf038",
                "5859f045.a1588",
                "a145d96a.028a28"
            ]
        ]
    },
    {
        "id": "5859f045.a1588",
        "type": "firebase modify",
        "z": "42a22dd1.1609cc",
        "name": "",
        "firebaseconfig": "",
        "childpath": "R2/P3",
        "method": "set",
        "value": "0",
        "priority": "",
        "x": 790,
        "y": 340,
        "wires": [
            []
        ]
    },
    {
        "id": "a145d96a.028a28",
        "type": "firebase modify",
        "z": "42a22dd1.1609cc",
        "name": "",
        "firebaseconfig": "",
        "childpath": "R3/P3",
        "method": "set",
        "value": "0",
        "priority": "",
        "x": 790,
        "y": 380,
        "wires": [
            []
        ]
    },
    {
        "id": "2d2390ce.403fe8",
        "type": "firebase modify",
        "z": "42a22dd1.1609cc",
        "name": "",
        "firebaseconfig": "",
        "childpath": "R1/P4",
        "method": "set",
        "value": "1",
        "priority": "",
        "x": 790,
        "y": 420,
        "wires": [
            []
        ]
    },
    {
        "id": "3661b984.3a230e",
        "type": "switch",
        "z": "42a22dd1.1609cc",
        "name": "",
        "property": "payload",
        "propertyType": "msg",
        "rules": [
            {
                "t": "eq",
                "v": "e2c56db5dffb48d2b060d0f5a71096e4",
                "vt": "str"
            }
        ],
        "checkall": "true",
        "repair": false,
        "outputs": 1,
        "x": 510,
        "y": 440,
        "wires": [
            [
                "2d2390ce.403fe8",
                "a30d65db.f72bc8",
                "a9fc5431.809a1"
            ]
        ]
    },
    {
        "id": "a30d65db.f72bc8",
        "type": "firebase modify",
        "z": "42a22dd1.1609cc",
        "name": "",
        "firebaseconfig": "",
        "childpath": "R2/P4",
        "method": "set",
        "value": "0",
        "priority": "",
        "x": 790,
        "y": 460,
        "wires": [
            []
        ]
    },
    {
        "id": "a9fc5431.809a1",
        "type": "firebase modify",
        "z": "42a22dd1.1609cc",
        "name": "",
        "firebaseconfig": "",
        "childpath": "R3/P4",
        "method": "set",
        "value": "0",
        "priority": "",
        "x": 790,
        "y": 500,
        "wires": [
            []
        ]
    },
    {
        "id": "f3b7fe9b.3b30c",
        "type": "firebase modify",
        "z": "42a22dd1.1609cc",
        "name": "",
        "firebaseconfig": "",
        "childpath": "R1/P5",
        "method": "set",
        "value": "1",
        "priority": "",
        "x": 790,
        "y": 540,
        "wires": [
            []
        ]
    },
    {
        "id": "4117f6c6.a11e5",
        "type": "switch",
        "z": "42a22dd1.1609cc",
        "name": "",
        "property": "payload",
        "propertyType": "msg",
        "rules": [
            {
                "t": "eq",
                "v": "e2c56db5dffb48d2b060d0f5a71096e5",
                "vt": "str"
            }
        ],
        "checkall": "true",
        "repair": false,
        "outputs": 1,
        "x": 510,
        "y": 560,
        "wires": [
            [
                "f3b7fe9b.3b30c",
                "fb279c32.b2ded8",
                "212909c7.d27be6"
            ]
        ]
    },
    {
        "id": "fb279c32.b2ded8",
        "type": "firebase modify",
        "z": "42a22dd1.1609cc",
        "name": "",
        "firebaseconfig": "",
        "childpath": "R2/P5",
        "method": "set",
        "value": "0",
        "priority": "",
        "x": 790,
        "y": 580,
        "wires": [
            []
        ]
    },
    {
        "id": "212909c7.d27be6",
        "type": "firebase modify",
        "z": "42a22dd1.1609cc",
        "name": "",
        "firebaseconfig": "",
        "childpath": "R3/P5",
        "method": "set",
        "value": "0",
        "priority": "",
        "x": 790,
        "y": 620,
        "wires": [
            []
        ]
    },
    {
        "id": "4fd55500.ca7dfc",
        "type": "firebase modify",
        "z": "42a22dd1.1609cc",
        "name": "",
        "firebaseconfig": "",
        "childpath": "R1/P1",
        "method": "set",
        "value": "0",
        "priority": "",
        "x": 790,
        "y": 700,
        "wires": [
            []
        ]
    },
    {
        "id": "108239b2.f9278e",
        "type": "switch",
        "z": "42a22dd1.1609cc",
        "name": "",
        "property": "payload",
        "propertyType": "msg",
        "rules": [
            {
                "t": "eq",
                "v": "e2c56db5dffb48d2b060d0f5a71096e1",
                "vt": "str"
            }
        ],
        "checkall": "true",
        "repair": false,
        "outputs": 1,
        "x": 510,
        "y": 720,
        "wires": [
            [
                "4fd55500.ca7dfc",
                "4333b99e.30d9e8",
                "5dddd70f.aa1c58"
            ]
        ]
    },
    {
        "id": "4333b99e.30d9e8",
        "type": "firebase modify",
        "z": "42a22dd1.1609cc",
        "name": "",
        "firebaseconfig": "",
        "childpath": "R2/P1",
        "method": "set",
        "value": "1",
        "priority": "",
        "x": 790,
        "y": 740,
        "wires": [
            []
        ]
    },
    {
        "id": "5dddd70f.aa1c58",
        "type": "firebase modify",
        "z": "42a22dd1.1609cc",
        "name": "",
        "firebaseconfig": "",
        "childpath": "R3/P1",
        "method": "set",
        "value": "0",
        "priority": "",
        "x": 790,
        "y": 780,
        "wires": [
            []
        ]
    },
    {
        "id": "292724dc.5e06a4",
        "type": "firebase modify",
        "z": "42a22dd1.1609cc",
        "name": "",
        "firebaseconfig": "",
        "childpath": "R1/P2",
        "method": "set",
        "value": "0",
        "priority": "",
        "x": 790,
        "y": 820,
        "wires": [
            []
        ]
    },
    {
        "id": "52715228.00a2c4",
        "type": "switch",
        "z": "42a22dd1.1609cc",
        "name": "",
        "property": "payload",
        "propertyType": "msg",
        "rules": [
            {
                "t": "eq",
                "v": "e2c56db5dffb48d2b060d0f5a71096e2",
                "vt": "str"
            }
        ],
        "checkall": "true",
        "repair": false,
        "outputs": 1,
        "x": 510,
        "y": 840,
        "wires": [
            [
                "292724dc.5e06a4",
                "986ae8f8.88438",
                "5226e95b.870c1"
            ]
        ]
    },
    {
        "id": "986ae8f8.88438",
        "type": "firebase modify",
        "z": "42a22dd1.1609cc",
        "name": "",
        "firebaseconfig": "",
        "childpath": "R2/P2",
        "method": "set",
        "value": "1",
        "priority": "",
        "x": 790,
        "y": 860,
        "wires": [
            []
        ]
    },
    {
        "id": "5226e95b.870c1",
        "type": "firebase modify",
        "z": "42a22dd1.1609cc",
        "name": "",
        "firebaseconfig": "",
        "childpath": "R3/P2",
        "method": "set",
        "value": "0",
        "priority": "",
        "x": 790,
        "y": 900,
        "wires": [
            []
        ]
    },
    {
        "id": "3a5897f9.abb7a",
        "type": "firebase modify",
        "z": "42a22dd1.1609cc",
        "name": "",
        "firebaseconfig": "",
        "childpath": "R1/P3",
        "method": "set",
        "value": "0",
        "priority": "",
        "x": 790,
        "y": 940,
        "wires": [
            []
        ]
    },
    {
        "id": "c5b55cd8.2969b",
        "type": "switch",
        "z": "42a22dd1.1609cc",
        "name": "",
        "property": "payload",
        "propertyType": "msg",
        "rules": [
            {
                "t": "eq",
                "v": "e2c56db5dffb48d2b060d0f5a71096e3",
                "vt": "str"
            }
        ],
        "checkall": "true",
        "repair": false,
        "outputs": 1,
        "x": 510,
        "y": 960,
        "wires": [
            [
                "3a5897f9.abb7a",
                "80465ead.321e58",
                "4cb30db2.de56c4"
            ]
        ]
    },
    {
        "id": "80465ead.321e58",
        "type": "firebase modify",
        "z": "42a22dd1.1609cc",
        "name": "",
        "firebaseconfig": "",
        "childpath": "R2/P3",
        "method": "set",
        "value": "1",
        "priority": "",
        "x": 790,
        "y": 980,
        "wires": [
            []
        ]
    },
    {
        "id": "4cb30db2.de56c4",
        "type": "firebase modify",
        "z": "42a22dd1.1609cc",
        "name": "",
        "firebaseconfig": "",
        "childpath": "R3/P3",
        "method": "set",
        "value": "0",
        "priority": "",
        "x": 790,
        "y": 1020,
        "wires": [
            []
        ]
    },
    {
        "id": "720b1b3d.5a15e4",
        "type": "firebase modify",
        "z": "42a22dd1.1609cc",
        "name": "",
        "firebaseconfig": "",
        "childpath": "R1/P4",
        "method": "set",
        "value": "0",
        "priority": "",
        "x": 790,
        "y": 1060,
        "wires": [
            []
        ]
    },
    {
        "id": "3851f41.cf9d38c",
        "type": "switch",
        "z": "42a22dd1.1609cc",
        "name": "",
        "property": "payload",
        "propertyType": "msg",
        "rules": [
            {
                "t": "eq",
                "v": "e2c56db5dffb48d2b060d0f5a71096e4",
                "vt": "str"
            }
        ],
        "checkall": "true",
        "repair": false,
        "outputs": 1,
        "x": 510,
        "y": 1080,
        "wires": [
            [
                "720b1b3d.5a15e4",
                "f070a139.922ad",
                "4c83e770.d71788"
            ]
        ]
    },
    {
        "id": "f070a139.922ad",
        "type": "firebase modify",
        "z": "42a22dd1.1609cc",
        "name": "",
        "firebaseconfig": "",
        "childpath": "R2/P4",
        "method": "set",
        "value": "1",
        "priority": "",
        "x": 790,
        "y": 1100,
        "wires": [
            []
        ]
    },
    {
        "id": "4c83e770.d71788",
        "type": "firebase modify",
        "z": "42a22dd1.1609cc",
        "name": "",
        "firebaseconfig": "",
        "childpath": "R3/P4",
        "method": "set",
        "value": "0",
        "priority": "",
        "x": 790,
        "y": 1140,
        "wires": [
            []
        ]
    },
    {
        "id": "f9345cdf.124e2",
        "type": "firebase modify",
        "z": "42a22dd1.1609cc",
        "name": "",
        "firebaseconfig": "",
        "childpath": "R1/P5",
        "method": "set",
        "value": "0",
        "priority": "",
        "x": 790,
        "y": 1180,
        "wires": [
            []
        ]
    },
    {
        "id": "e575f43f.e2343",
        "type": "switch",
        "z": "42a22dd1.1609cc",
        "name": "",
        "property": "payload",
        "propertyType": "msg",
        "rules": [
            {
                "t": "eq",
                "v": "e2c56db5dffb48d2b060d0f5a71096e5",
                "vt": "str"
            }
        ],
        "checkall": "true",
        "repair": false,
        "outputs": 1,
        "x": 510,
        "y": 1200,
        "wires": [
            [
                "f9345cdf.124e2",
                "5d715111.300008",
                "193af25f.a123c6"
            ]
        ]
    },
    {
        "id": "5d715111.300008",
        "type": "firebase modify",
        "z": "42a22dd1.1609cc",
        "name": "",
        "firebaseconfig": "",
        "childpath": "R2/P5",
        "method": "set",
        "value": "1",
        "priority": "",
        "x": 790,
        "y": 1220,
        "wires": [
            []
        ]
    },
    {
        "id": "193af25f.a123c6",
        "type": "firebase modify",
        "z": "42a22dd1.1609cc",
        "name": "",
        "firebaseconfig": "",
        "childpath": "R3/P5",
        "method": "set",
        "value": "0",
        "priority": "",
        "x": 790,
        "y": 1260,
        "wires": [
            []
        ]
    },
    {
        "id": "45c7e6c4.d97b98",
        "type": "firebase modify",
        "z": "42a22dd1.1609cc",
        "name": "",
        "firebaseconfig": "",
        "childpath": "R1/P1",
        "method": "set",
        "value": "0",
        "priority": "",
        "x": 1790,
        "y": 80,
        "wires": [
            []
        ]
    },
    {
        "id": "fc6ef3aa.e77fe8",
        "type": "switch",
        "z": "42a22dd1.1609cc",
        "name": "",
        "property": "payload",
        "propertyType": "msg",
        "rules": [
            {
                "t": "eq",
                "v": "e2c56db5dffb48d2b060d0f5a71096e1",
                "vt": "str"
            }
        ],
        "checkall": "true",
        "repair": false,
        "outputs": 1,
        "x": 1510,
        "y": 100,
        "wires": [
            [
                "45c7e6c4.d97b98",
                "5c310a3a.6e3a5c",
                "b99b1fca.ab662"
            ]
        ]
    },
    {
        "id": "5c310a3a.6e3a5c",
        "type": "firebase modify",
        "z": "42a22dd1.1609cc",
        "name": "",
        "firebaseconfig": "",
        "childpath": "R2/P1",
        "method": "set",
        "value": "0",
        "priority": "",
        "x": 1790,
        "y": 120,
        "wires": [
            []
        ]
    },
    {
        "id": "b99b1fca.ab662",
        "type": "firebase modify",
        "z": "42a22dd1.1609cc",
        "name": "",
        "firebaseconfig": "",
        "childpath": "R3/P1",
        "method": "set",
        "value": "1",
        "priority": "",
        "x": 1790,
        "y": 160,
        "wires": [
            []
        ]
    },
    {
        "id": "3ce2837f.ed123c",
        "type": "firebase modify",
        "z": "42a22dd1.1609cc",
        "name": "",
        "firebaseconfig": "",
        "childpath": "R1/P2",
        "method": "set",
        "value": "0",
        "priority": "",
        "x": 1790,
        "y": 200,
        "wires": [
            []
        ]
    },
    {
        "id": "1c90faca.bd0d8d",
        "type": "switch",
        "z": "42a22dd1.1609cc",
        "name": "",
        "property": "payload",
        "propertyType": "msg",
        "rules": [
            {
                "t": "eq",
                "v": "e2c56db5dffb48d2b060d0f5a71096e2",
                "vt": "str"
            }
        ],
        "checkall": "true",
        "repair": false,
        "outputs": 1,
        "x": 1510,
        "y": 220,
        "wires": [
            [
                "3ce2837f.ed123c",
                "a1ec9e8a.e92c2",
                "df018d7b.467148"
            ]
        ]
    },
    {
        "id": "a1ec9e8a.e92c2",
        "type": "firebase modify",
        "z": "42a22dd1.1609cc",
        "name": "",
        "firebaseconfig": "",
        "childpath": "R2/P2",
        "method": "set",
        "value": "0",
        "priority": "",
        "x": 1790,
        "y": 240,
        "wires": [
            []
        ]
    },
    {
        "id": "df018d7b.467148",
        "type": "firebase modify",
        "z": "42a22dd1.1609cc",
        "name": "",
        "firebaseconfig": "",
        "childpath": "R3/P2",
        "method": "set",
        "value": "1",
        "priority": "",
        "x": 1790,
        "y": 280,
        "wires": [
            []
        ]
    },
    {
        "id": "fb96a591.d55ab8",
        "type": "firebase modify",
        "z": "42a22dd1.1609cc",
        "name": "",
        "firebaseconfig": "",
        "childpath": "R1/P3",
        "method": "set",
        "value": "0",
        "priority": "",
        "x": 1790,
        "y": 320,
        "wires": [
            []
        ]
    },
    {
        "id": "67743b2b.2c6a24",
        "type": "switch",
        "z": "42a22dd1.1609cc",
        "name": "",
        "property": "payload",
        "propertyType": "msg",
        "rules": [
            {
                "t": "eq",
                "v": "e2c56db5dffb48d2b060d0f5a71096e3",
                "vt": "str"
            }
        ],
        "checkall": "true",
        "repair": false,
        "outputs": 1,
        "x": 1510,
        "y": 340,
        "wires": [
            [
                "fb96a591.d55ab8",
                "12a545f9.33b5c2",
                "50dc4f1e.8e5dd8"
            ]
        ]
    },
    {
        "id": "12a545f9.33b5c2",
        "type": "firebase modify",
        "z": "42a22dd1.1609cc",
        "name": "",
        "firebaseconfig": "",
        "childpath": "R2/P3",
        "method": "set",
        "value": "0",
        "priority": "",
        "x": 1790,
        "y": 360,
        "wires": [
            []
        ]
    },
    {
        "id": "50dc4f1e.8e5dd8",
        "type": "firebase modify",
        "z": "42a22dd1.1609cc",
        "name": "",
        "firebaseconfig": "",
        "childpath": "R3/P3",
        "method": "set",
        "value": "1",
        "priority": "",
        "x": 1790,
        "y": 400,
        "wires": [
            []
        ]
    },
    {
        "id": "3f2e5f8e.18dc3",
        "type": "firebase modify",
        "z": "42a22dd1.1609cc",
        "name": "",
        "firebaseconfig": "",
        "childpath": "R1/P4",
        "method": "set",
        "value": "0",
        "priority": "",
        "x": 1790,
        "y": 440,
        "wires": [
            []
        ]
    },
    {
        "id": "5f3a0386.45187c",
        "type": "switch",
        "z": "42a22dd1.1609cc",
        "name": "",
        "property": "payload",
        "propertyType": "msg",
        "rules": [
            {
                "t": "eq",
                "v": "e2c56db5dffb48d2b060d0f5a71096e4",
                "vt": "str"
            }
        ],
        "checkall": "true",
        "repair": false,
        "outputs": 1,
        "x": 1510,
        "y": 460,
        "wires": [
            [
                "3f2e5f8e.18dc3",
                "573467ee.3ef0a8",
                "4253fa99.1a64f4"
            ]
        ]
    },
    {
        "id": "573467ee.3ef0a8",
        "type": "firebase modify",
        "z": "42a22dd1.1609cc",
        "name": "",
        "firebaseconfig": "",
        "childpath": "R2/P4",
        "method": "set",
        "value": "0",
        "priority": "",
        "x": 1790,
        "y": 480,
        "wires": [
            []
        ]
    },
    {
        "id": "4253fa99.1a64f4",
        "type": "firebase modify",
        "z": "42a22dd1.1609cc",
        "name": "",
        "firebaseconfig": "",
        "childpath": "R3/P4",
        "method": "set",
        "value": "1",
        "priority": "",
        "x": 1790,
        "y": 520,
        "wires": [
            []
        ]
    },
    {
        "id": "f24b4dc3.407a7",
        "type": "firebase modify",
        "z": "42a22dd1.1609cc",
        "name": "",
        "firebaseconfig": "",
        "childpath": "R1/P5",
        "method": "set",
        "value": "0",
        "priority": "",
        "x": 1790,
        "y": 560,
        "wires": [
            []
        ]
    },
    {
        "id": "a3152f7.70d7b5",
        "type": "switch",
        "z": "42a22dd1.1609cc",
        "name": "",
        "property": "payload",
        "propertyType": "msg",
        "rules": [
            {
                "t": "eq",
                "v": "e2c56db5dffb48d2b060d0f5a71096e5",
                "vt": "str"
            }
        ],
        "checkall": "true",
        "repair": false,
        "outputs": 1,
        "x": 1510,
        "y": 580,
        "wires": [
            [
                "f24b4dc3.407a7",
                "3606cf03.af815",
                "afecf9c5.6af5f8"
            ]
        ]
    },
    {
        "id": "3606cf03.af815",
        "type": "firebase modify",
        "z": "42a22dd1.1609cc",
        "name": "",
        "firebaseconfig": "",
        "childpath": "R2/P5",
        "method": "set",
        "value": "0",
        "priority": "",
        "x": 1790,
        "y": 600,
        "wires": [
            []
        ]
    },
    {
        "id": "afecf9c5.6af5f8",
        "type": "firebase modify",
        "z": "42a22dd1.1609cc",
        "name": "",
        "firebaseconfig": "",
        "childpath": "R3/P5",
        "method": "set",
        "value": "1",
        "priority": "",
        "x": 1790,
        "y": 640,
        "wires": [
            []
        ]
    },
    {
        "id": "d6ae5501.f4535",
        "type": "debug",
        "z": "42a22dd1.1609cc",
        "name": "",
        "active": true,
        "console": "false",
        "complete": "false",
        "x": 290,
        "y": 280,
        "wires": []
    },
    {
        "id": "1ac1b4b3.074ccb",
        "type": "firebase.on",
        "z": "42a22dd1.1609cc",
        "name": "",
        "firebaseconfig": "",
        "childpath": "R1",
        "atStart": true,
        "eventType": "value",
        "queries": [],
        "x": 330,
        "y": 1420,
        "wires": [
            [
                "c4cf7f1f.dc07",
                "e229dd9f.3f7498"
            ]
        ]
    },
    {
        "id": "c4cf7f1f.dc07",
        "type": "debug",
        "z": "42a22dd1.1609cc",
        "name": "",
        "active": true,
        "tosidebar": true,
        "console": false,
        "tostatus": false,
        "complete": "false",
        "statusVal": "",
        "statusType": "auto",
        "x": 630,
        "y": 1420,
        "wires": []
    },
    {
        "id": "e229dd9f.3f7498",
        "type": "json",
        "z": "42a22dd1.1609cc",
        "name": "",
        "property": "payload",
        "action": "",
        "pretty": false,
        "x": 600,
        "y": 1360,
        "wires": [
            [
                "a17a1524.74724"
            ]
        ]
    },
    {
        "id": "8f6b27a2.e40528",
        "type": "ui_text",
        "z": "42a22dd1.1609cc",
        "group": "a8b89c2a.fd14c",
        "order": 1,
        "width": 7,
        "height": 3,
        "name": "",
        "label": "Personnel in Room1",
        "format": "{{msg.payload}}",
        "layout": "col-center",
        "x": 960,
        "y": 1360,
        "wires": [],
        "icon": "node-red/range.svg"
    },
    {
        "id": "fd43ec22.d2924",
        "type": "firebase.on",
        "z": "42a22dd1.1609cc",
        "name": "",
        "firebaseconfig": "",
        "childpath": "R2",
        "atStart": true,
        "eventType": "value",
        "queries": [],
        "x": 330,
        "y": 1540,
        "wires": [
            [
                "9ad4d340.0101d8",
                "8f65f15a.12d7f"
            ]
        ]
    },
    {
        "id": "9ad4d340.0101d8",
        "type": "debug",
        "z": "42a22dd1.1609cc",
        "name": "",
        "active": true,
        "tosidebar": true,
        "console": false,
        "tostatus": false,
        "complete": "false",
        "statusVal": "",
        "statusType": "auto",
        "x": 630,
        "y": 1540,
        "wires": []
    },
    {
        "id": "8f65f15a.12d7f",
        "type": "json",
        "z": "42a22dd1.1609cc",
        "name": "",
        "property": "payload",
        "action": "",
        "pretty": false,
        "x": 600,
        "y": 1480,
        "wires": [
            [
                "53d40d74.1a241c"
            ]
        ]
    },
    {
        "id": "9662adae.f016b8",
        "type": "ui_text",
        "z": "42a22dd1.1609cc",
        "group": "d094f4c9.7047",
        "order": 1,
        "width": 7,
        "height": 3,
        "name": "",
        "label": "Personnel in Room2",
        "format": "{{msg.payload}}",
        "layout": "col-center",
        "x": 960,
        "y": 1480,
        "wires": [],
        "icon": "node-red/range.svg"
    },
    {
        "id": "b08464fa.83575",
        "type": "firebase.on",
        "z": "42a22dd1.1609cc",
        "name": "",
        "firebaseconfig": "",
        "childpath": "R3",
        "atStart": true,
        "eventType": "value",
        "queries": [],
        "x": 330,
        "y": 1660,
        "wires": [
            [
                "c4b94b2f.00463",
                "93f3b345.6471a8"
            ]
        ]
    },
    {
        "id": "c4b94b2f.00463",
        "type": "debug",
        "z": "42a22dd1.1609cc",
        "name": "",
        "active": true,
        "tosidebar": true,
        "console": false,
        "tostatus": false,
        "complete": "false",
        "statusVal": "",
        "statusType": "auto",
        "x": 630,
        "y": 1660,
        "wires": []
    },
    {
        "id": "93f3b345.6471a8",
        "type": "json",
        "z": "42a22dd1.1609cc",
        "name": "",
        "property": "payload",
        "action": "",
        "pretty": false,
        "x": 600,
        "y": 1600,
        "wires": [
            [
                "45f850b7.74da68"
            ]
        ]
    },
    {
        "id": "152a2f94.3fb8b8",
        "type": "ui_text",
        "z": "42a22dd1.1609cc",
        "group": "3303c539.14c25a",
        "order": 1,
        "width": 7,
        "height": 3,
        "name": "",
        "label": "Personnel in Room3",
        "format": "{{msg.payload}}",
        "layout": "col-center",
        "x": 960,
        "y": 1600,
        "wires": [],
        "icon": "node-red/range.svg"
    },
    {
        "id": "a17a1524.74724",
        "type": "function",
        "z": "42a22dd1.1609cc",
        "name": "",
        "func": "var originalString = msg.payload;\nvar str;\nvar r1_count=0;\n  \n            for (i = 0; i < originalString.length; i++) { \n  \n\n                if (originalString[i] == '1') { \n                r1_count=r1_count+1 ;\n                }\n;\n            } \n \n              msg.payload=r1_count-1;\n              \n              return msg;\n              \n  ",
        "outputs": 1,
        "noerr": 0,
        "initialize": "",
        "finalize": "",
        "x": 740,
        "y": 1360,
        "wires": [
            [
                "8f6b27a2.e40528",
                "ad4b5931.b4bf2"
            ]
        ]
    },
    {
        "id": "53d40d74.1a241c",
        "type": "function",
        "z": "42a22dd1.1609cc",
        "name": "",
        "func": "var originalString2 = msg.payload;\nvar str;\nvar r2_count=0;\n  \n            for (i = 0; i < originalString2.length; i++) { \n\n                if (originalString2[i] == '1') { \n                r2_count=r2_count+1 ;\n                }\n\n            } \n \n              msg.payload=r2_count-1;\n              \n              return msg;\n              \n  ",
        "outputs": 1,
        "noerr": 0,
        "initialize": "",
        "finalize": "",
        "x": 740,
        "y": 1480,
        "wires": [
            [
                "9662adae.f016b8",
                "c47ed0a0.508ac"
            ]
        ]
    },
    {
        "id": "45f850b7.74da68",
        "type": "function",
        "z": "42a22dd1.1609cc",
        "name": "",
        "func": "var originalString3 = msg.payload;\nvar str;\nvar r3_count=0;\n  \n            for (i = 0; i < originalString3.length; i++) { \n\n                if (originalString3[i] == '1') { \n                r3_count=r3_count+1 ;\n                }\n  \n            } \n \n              msg.payload=r3_count-1;\n              \n              return msg;\n              \n  ",
        "outputs": 1,
        "noerr": 0,
        "initialize": "",
        "finalize": "",
        "x": 760,
        "y": 1600,
        "wires": [
            [
                "152a2f94.3fb8b8",
                "f1c69962.324598"
            ]
        ]
    },
    {
        "id": "ad4b5931.b4bf2",
        "type": "ui_chart",
        "z": "42a22dd1.1609cc",
        "name": "",
        "group": "ee5094ad.c71348",
        "order": 1,
        "width": 0,
        "height": 0,
        "label": "chart",
        "chartType": "line",
        "legend": "false",
        "xformat": "HH:mm:ss",
        "interpolate": "linear",
        "nodata": "",
        "dot": false,
        "ymin": "",
        "ymax": "",
        "removeOlder": 1,
        "removeOlderPoints": "",
        "removeOlderUnit": "3600",
        "cutout": 0,
        "useOneColor": false,
        "useUTC": false,
        "colors": [
            "#1f77b4",
            "#aec7e8",
            "#ff7f0e",
            "#2ca02c",
            "#98df8a",
            "#d62728",
            "#ff9896",
            "#9467bd",
            "#c5b0d5"
        ],
        "useOldStyle": false,
        "outputs": 1,
        "x": 850,
        "y": 1440,
        "wires": [
            []
        ]
    },
    {
        "id": "c47ed0a0.508ac",
        "type": "ui_chart",
        "z": "42a22dd1.1609cc",
        "name": "",
        "group": "76359710.0a7e18",
        "order": 1,
        "width": 0,
        "height": 0,
        "label": "chart",
        "chartType": "line",
        "legend": "false",
        "xformat": "HH:mm:ss",
        "interpolate": "linear",
        "nodata": "",
        "dot": false,
        "ymin": "",
        "ymax": "",
        "removeOlder": 1,
        "removeOlderPoints": "",
        "removeOlderUnit": "3600",
        "cutout": 0,
        "useOneColor": false,
        "useUTC": false,
        "colors": [
            "#1f77b4",
            "#aec7e8",
            "#ff7f0e",
            "#2ca02c",
            "#98df8a",
            "#d62728",
            "#ff9896",
            "#9467bd",
            "#c5b0d5"
        ],
        "useOldStyle": false,
        "outputs": 1,
        "x": 828.950927734375,
        "y": 1556.7857666015625,
        "wires": [
            []
        ]
    },
    {
        "id": "f1c69962.324598",
        "type": "ui_chart",
        "z": "42a22dd1.1609cc",
        "name": "",
        "group": "1dc7d631.dfebaa",
        "order": 1,
        "width": 0,
        "height": 0,
        "label": "chart",
        "chartType": "line",
        "legend": "false",
        "xformat": "HH:mm:ss",
        "interpolate": "linear",
        "nodata": "",
        "dot": false,
        "ymin": "",
        "ymax": "",
        "removeOlder": 1,
        "removeOlderPoints": "",
        "removeOlderUnit": "3600",
        "cutout": 0,
        "useOneColor": false,
        "useUTC": false,
        "colors": [
            "#1f77b4",
            "#aec7e8",
            "#ff7f0e",
            "#2ca02c",
            "#98df8a",
            "#d62728",
            "#ff9896",
            "#9467bd",
            "#c5b0d5"
        ],
        "useOldStyle": false,
        "outputs": 1,
        "x": 830,
        "y": 1680,
        "wires": [
            []
        ]
    },
    {
        "id": "95eb84d5.af4fb8",
        "type": "http request",
        "z": "42a22dd1.1609cc",
        "name": "Post to Pushover",
        "method": "POST",
        "ret": "txt",
        "paytoqs": "ignore",
        "url": "https://api.pushover.net/1/messages.json",
        "tls": "",
        "persist": false,
        "proxy": "",
        "authType": "",
        "x": 1090,
        "y": 1780,
        "wires": [
            []
        ]
    },
    {
        "id": "f1600d3c.dd0c7",
        "type": "function",
        "z": "42a22dd1.1609cc",
        "name": "",
        "func": "msg.headers = {\n    \"content-type\": \"application/x-www-form-urlencoded\"\n};\nmsg.payload = { \n    user: 'u2p2nnhj148prbqp8cbuny83zwdv6v',\n    token: 'aur9y5qsmiauzpvwxh4k8ngbq51r8b',\n    message: 'Alert! No of people in Room1 is Threshold',\n    title: 'Room1 Stat',\n    priority: '-1'\n};\nreturn msg;\n\n\n",
        "outputs": 1,
        "noerr": 0,
        "initialize": "",
        "finalize": "",
        "x": 920,
        "y": 1780,
        "wires": [
            [
                "95eb84d5.af4fb8"
            ]
        ]
    },
    {
        "id": "b0dd3675.b3ef9",
        "type": "json",
        "z": "42a22dd1.1609cc",
        "name": "",
        "property": "payload",
        "action": "",
        "pretty": false,
        "x": 410,
        "y": 1900,
        "wires": [
            [
                "50042022.263be8",
                "391852a8.525776",
                "ad31b589.78dc58",
                "6a77f756.24c8c8",
                "89ce7f8c.31ff08"
            ]
        ]
    },
    {
        "id": "48b6c118.53ab08",
        "type": "firebase.on",
        "z": "42a22dd1.1609cc",
        "name": "",
        "firebaseconfig": "",
        "childpath": "R1",
        "atStart": true,
        "eventType": "value",
        "queries": [],
        "x": 290,
        "y": 1840,
        "wires": [
            [
                "b0dd3675.b3ef9"
            ]
        ]
    },
    {
        "id": "8ea86097.44f638",
        "type": "json",
        "z": "42a22dd1.1609cc",
        "name": "",
        "property": "payload",
        "action": "",
        "pretty": false,
        "x": 410,
        "y": 2100,
        "wires": [
            [
                "a6c8bc09.f68e2",
                "dd040b2d.83fd08",
                "b2aba851.2cd0f",
                "43a2510e.3c24a",
                "73ba4019.f3a12"
            ]
        ]
    },
    {
        "id": "d927dcc2.68dbc8",
        "type": "firebase.on",
        "z": "42a22dd1.1609cc",
        "name": "",
        "firebaseconfig": "",
        "childpath": "R2",
        "atStart": true,
        "eventType": "value",
        "queries": [],
        "x": 250,
        "y": 2060,
        "wires": [
            [
                "8ea86097.44f638"
            ]
        ]
    },
    {
        "id": "9e1cf2ee.c1e47",
        "type": "firebase.on",
        "z": "42a22dd1.1609cc",
        "name": "",
        "firebaseconfig": "",
        "childpath": "R3",
        "atStart": true,
        "eventType": "value",
        "queries": [],
        "x": 270,
        "y": 2280,
        "wires": [
            [
                "6557ef29.a035a8"
            ]
        ]
    },
    {
        "id": "6557ef29.a035a8",
        "type": "json",
        "z": "42a22dd1.1609cc",
        "name": "",
        "property": "payload",
        "action": "",
        "pretty": false,
        "x": 390,
        "y": 2340,
        "wires": [
            [
                "6998e96f.bdcb98",
                "d19e5100.23641",
                "dacde0c.43be5a",
                "32aed093.4c3a38",
                "dae304f3.cb3478"
            ]
        ]
    },
    {
        "id": "50042022.263be8",
        "type": "function",
        "z": "42a22dd1.1609cc",
        "name": "",
        "func": "var originalString = msg.payload;\nvar str;\nvar r1_count=0;\nvar count = 0;\nvar p=0;\n  \n            for (i = 0; i < originalString.length; i++) { \n  \n\n                if (originalString[i] == '1') { \n                r1_count=r1_count+1 ;\n                count =count +1;\n                }\n                if (originalString[i] == '0') { \n                \n                count =count +1;\n                }\n                if(count ==2 && originalString[i] == '1')\n                {\n                    p=1;\n                }\n            } \n    \n               if (r1_count-1 > 2)\n             { msg.payload=p;}\n              else\n             { msg.payload=0;}\n            \n              return msg;\n              \n  ",
        "outputs": 1,
        "noerr": 0,
        "initialize": "",
        "finalize": "",
        "x": 660,
        "y": 1780,
        "wires": [
            [
                "17448e02.f71372"
            ]
        ]
    },
    {
        "id": "17448e02.f71372",
        "type": "switch",
        "z": "42a22dd1.1609cc",
        "name": "",
        "property": "payload",
        "propertyType": "msg",
        "rules": [
            {
                "t": "eq",
                "v": "1",
                "vt": "str"
            }
        ],
        "checkall": "true",
        "repair": false,
        "outputs": 1,
        "x": 790,
        "y": 1780,
        "wires": [
            [
                "f1600d3c.dd0c7"
            ]
        ]
    },
    {
        "id": "d7bd6566.c7b31",
        "type": "http request",
        "z": "42a22dd1.1609cc",
        "name": "Post to Pushover",
        "method": "POST",
        "ret": "txt",
        "paytoqs": "ignore",
        "url": "https://api.pushover.net/1/messages.json",
        "tls": "",
        "persist": false,
        "proxy": "",
        "authType": "",
        "x": 1090,
        "y": 1820,
        "wires": [
            []
        ]
    },
    {
        "id": "c059c768.b2655",
        "type": "function",
        "z": "42a22dd1.1609cc",
        "name": "",
        "func": "msg.headers = {\n    \"content-type\": \"application/x-www-form-urlencoded\"\n};\nmsg.payload = { \n    user: 'u2p2nnhj148prbqp8cbuny83zwdv6v',\n    token: 'aur9y5qsmiauzpvwxh4k8ngbq51r8b',\n    message: 'Alert! No of people in Room1 is Threshold',\n    title: 'Room1 Stat',\n    priority: '-1'\n};\nreturn msg;\n\n\n",
        "outputs": 1,
        "noerr": 0,
        "initialize": "",
        "finalize": "",
        "x": 920,
        "y": 1820,
        "wires": [
            [
                "d7bd6566.c7b31"
            ]
        ]
    },
    {
        "id": "391852a8.525776",
        "type": "function",
        "z": "42a22dd1.1609cc",
        "name": "",
        "func": "var originalString = msg.payload;\nvar str;\nvar r1_count=0;\nvar count = 0;\nvar p=0;\n  \n            for (i = 0; i < originalString.length; i++) { \n  \n\n                if (originalString[i] == '1') { \n                r1_count=r1_count+1 ;\n                count =count +1;\n                }\n                if (originalString[i] == '0') { \n                \n                count =count +1;\n                }\n                if(count ==3 && originalString[i] == '1')\n                {\n                    p=1;\n                }\n            } \n    \n               if (r1_count-1 > 2)\n             { msg.payload=p;}\n              else\n             { msg.payload=0;}\n            \n              return msg;\n              \n  ",
        "outputs": 1,
        "noerr": 0,
        "initialize": "",
        "finalize": "",
        "x": 660,
        "y": 1820,
        "wires": [
            [
                "c4d2a856.20c768"
            ]
        ]
    },
    {
        "id": "c4d2a856.20c768",
        "type": "switch",
        "z": "42a22dd1.1609cc",
        "name": "",
        "property": "payload",
        "propertyType": "msg",
        "rules": [
            {
                "t": "eq",
                "v": "1",
                "vt": "str"
            }
        ],
        "checkall": "true",
        "repair": false,
        "outputs": 1,
        "x": 790,
        "y": 1820,
        "wires": [
            [
                "c059c768.b2655"
            ]
        ]
    },
    {
        "id": "5d9c4fbb.56a478",
        "type": "http request",
        "z": "42a22dd1.1609cc",
        "name": "Post to Pushover",
        "method": "POST",
        "ret": "txt",
        "paytoqs": "ignore",
        "url": "https://api.pushover.net/1/messages.json",
        "tls": "",
        "persist": false,
        "proxy": "",
        "authType": "",
        "x": 1090,
        "y": 1860,
        "wires": [
            []
        ]
    },
    {
        "id": "30c08f19.31d2a8",
        "type": "function",
        "z": "42a22dd1.1609cc",
        "name": "",
        "func": "msg.headers = {\n    \"content-type\": \"application/x-www-form-urlencoded\"\n};\nmsg.payload = { \n    user: 'u2p2nnhj148prbqp8cbuny83zwdv6v',\n    token: 'aur9y5qsmiauzpvwxh4k8ngbq51r8b',\n    message: 'Alert! No of people in Room1 is Threshold',\n    title: 'Room1 Stat',\n    priority: '-1'\n};\nreturn msg;\n\n\n",
        "outputs": 1,
        "noerr": 0,
        "initialize": "",
        "finalize": "",
        "x": 920,
        "y": 1860,
        "wires": [
            [
                "5d9c4fbb.56a478"
            ]
        ]
    },
    {
        "id": "ad31b589.78dc58",
        "type": "function",
        "z": "42a22dd1.1609cc",
        "name": "",
        "func": "var originalString = msg.payload;\nvar str;\nvar r1_count=0;\nvar count = 0;\nvar p=0;\n  \n            for (i = 0; i < originalString.length; i++) { \n  \n\n                if (originalString[i] == '1') { \n                r1_count=r1_count+1 ;\n                count =count +1;\n                }\n                if (originalString[i] == '0') { \n                \n                count =count +1;\n                }\n                if(count ==4 && originalString[i] == '1')\n                {\n                    p=1;\n                }\n            } \n    \n               if (r1_count-1 > 2)\n             { msg.payload=p;}\n              else\n             { msg.payload=0;}\n            \n              return msg;\n              \n  ",
        "outputs": 1,
        "noerr": 0,
        "initialize": "",
        "finalize": "",
        "x": 660,
        "y": 1860,
        "wires": [
            [
                "f42a8a9.b4a6ef8"
            ]
        ]
    },
    {
        "id": "f42a8a9.b4a6ef8",
        "type": "switch",
        "z": "42a22dd1.1609cc",
        "name": "",
        "property": "payload",
        "propertyType": "msg",
        "rules": [
            {
                "t": "eq",
                "v": "1",
                "vt": "str"
            }
        ],
        "checkall": "true",
        "repair": false,
        "outputs": 1,
        "x": 790,
        "y": 1860,
        "wires": [
            [
                "30c08f19.31d2a8"
            ]
        ]
    },
    {
        "id": "9e4433fa.0888a",
        "type": "http request",
        "z": "42a22dd1.1609cc",
        "name": "Post to Pushover",
        "method": "POST",
        "ret": "txt",
        "paytoqs": "ignore",
        "url": "https://api.pushover.net/1/messages.json",
        "tls": "",
        "persist": false,
        "proxy": "",
        "authType": "",
        "x": 1090,
        "y": 1900,
        "wires": [
            []
        ]
    },
    {
        "id": "2440384.1599d48",
        "type": "function",
        "z": "42a22dd1.1609cc",
        "name": "",
        "func": "msg.headers = {\n    \"content-type\": \"application/x-www-form-urlencoded\"\n};\nmsg.payload = { \n    user: 'u2p2nnhj148prbqp8cbuny83zwdv6v',\n    token: 'aur9y5qsmiauzpvwxh4k8ngbq51r8b',\n    message: 'Alert! No of people in Room1 is Threshold',\n    title: 'Room1 Stat',\n    priority: '-1'\n};\nreturn msg;\n\n\n",
        "outputs": 1,
        "noerr": 0,
        "initialize": "",
        "finalize": "",
        "x": 920,
        "y": 1900,
        "wires": [
            [
                "9e4433fa.0888a"
            ]
        ]
    },
    {
        "id": "6a77f756.24c8c8",
        "type": "function",
        "z": "42a22dd1.1609cc",
        "name": "",
        "func": "var originalString = msg.payload;\nvar str;\nvar r1_count=0;\nvar count = 0;\nvar p=0;\n  \n            for (i = 0; i < originalString.length; i++) { \n  \n\n                if (originalString[i] == '1') { \n                r1_count=r1_count+1 ;\n                count =count +1;\n                }\n                if (originalString[i] == '0') { \n                \n                count =count +1;\n                }\n                if(count ==5 && originalString[i] == '1')\n                {\n                    p=1;\n                }\n            } \n    \n               if (r1_count-1 > 2)\n             { msg.payload=p;}\n              else\n             { msg.payload=0;}\n            \n              return msg;\n              \n  ",
        "outputs": 1,
        "noerr": 0,
        "initialize": "",
        "finalize": "",
        "x": 660,
        "y": 1900,
        "wires": [
            [
                "a998c3ad.8fffb8"
            ]
        ]
    },
    {
        "id": "a998c3ad.8fffb8",
        "type": "switch",
        "z": "42a22dd1.1609cc",
        "name": "",
        "property": "payload",
        "propertyType": "msg",
        "rules": [
            {
                "t": "eq",
                "v": "1",
                "vt": "str"
            }
        ],
        "checkall": "true",
        "repair": false,
        "outputs": 1,
        "x": 790,
        "y": 1900,
        "wires": [
            [
                "2440384.1599d48"
            ]
        ]
    },
    {
        "id": "e9470871.e4bc6",
        "type": "http request",
        "z": "42a22dd1.1609cc",
        "name": "Post to Pushover",
        "method": "POST",
        "ret": "txt",
        "paytoqs": "ignore",
        "url": "https://api.pushover.net/1/messages.json",
        "tls": "",
        "persist": false,
        "proxy": "",
        "authType": "",
        "x": 1090,
        "y": 1940,
        "wires": [
            []
        ]
    },
    {
        "id": "7b9aff0f.1ffb28",
        "type": "function",
        "z": "42a22dd1.1609cc",
        "name": "",
        "func": "msg.headers = {\n    \"content-type\": \"application/x-www-form-urlencoded\"\n};\nmsg.payload = { \n    user: 'u2p2nnhj148prbqp8cbuny83zwdv6v',\n    token: 'aur9y5qsmiauzpvwxh4k8ngbq51r8b',\n    message: 'Alert! No of people in Room1 is Threshold',\n    title: 'Room1 Stat',\n    priority: '-1'\n};\nreturn msg;\n\n\n",
        "outputs": 1,
        "noerr": 0,
        "initialize": "",
        "finalize": "",
        "x": 920,
        "y": 1940,
        "wires": [
            [
                "e9470871.e4bc6"
            ]
        ]
    },
    {
        "id": "89ce7f8c.31ff08",
        "type": "function",
        "z": "42a22dd1.1609cc",
        "name": "",
        "func": "var originalString = msg.payload;\nvar str;\nvar r1_count=0;\nvar count = 0;\nvar p=0;\n  \n            for (i = 0; i < originalString.length; i++) { \n  \n\n                if (originalString[i] == '1') { \n                r1_count=r1_count+1 ;\n                count =count +1;\n                }\n                if (originalString[i] == '0') { \n                \n                count =count +1;\n                }\n                if(count ==6 && originalString[i] == '1')\n                {\n                    p=1;\n                }\n            } \n    \n               if (r1_count-1 > 2)\n             { msg.payload=p;}\n              else\n             { msg.payload=0;}\n            \n              return msg;\n              \n  ",
        "outputs": 1,
        "noerr": 0,
        "initialize": "",
        "finalize": "",
        "x": 660,
        "y": 1940,
        "wires": [
            [
                "96b7166f.eb999"
            ]
        ]
    },
    {
        "id": "96b7166f.eb999",
        "type": "switch",
        "z": "42a22dd1.1609cc",
        "name": "",
        "property": "payload",
        "propertyType": "msg",
        "rules": [
            {
                "t": "eq",
                "v": "1",
                "vt": "str"
            }
        ],
        "checkall": "true",
        "repair": false,
        "outputs": 1,
        "x": 790,
        "y": 1940,
        "wires": [
            [
                "7b9aff0f.1ffb28"
            ]
        ]
    },
    {
        "id": "527f2c8f.161344",
        "type": "http request",
        "z": "42a22dd1.1609cc",
        "name": "Post to Pushover",
        "method": "POST",
        "ret": "txt",
        "paytoqs": "ignore",
        "url": "https://api.pushover.net/1/messages.json",
        "tls": "",
        "persist": false,
        "proxy": "",
        "authType": "",
        "x": 1090,
        "y": 2020,
        "wires": [
            []
        ]
    },
    {
        "id": "b38e4691.3983c",
        "type": "function",
        "z": "42a22dd1.1609cc",
        "name": "",
        "func": "msg.headers = {\n    \"content-type\": \"application/x-www-form-urlencoded\"\n};\nmsg.payload = { \n    user: 'u2p2nnhj148prbqp8cbuny83zwdv6v',\n    token: 'aur9y5qsmiauzpvwxh4k8ngbq51r8b',\n    message: 'Alert! No of people in Room2 is Threshold',\n    title: 'Room2 Stat',\n    priority: '-1'\n};\nreturn msg;\n\n\n",
        "outputs": 1,
        "noerr": 0,
        "initialize": "",
        "finalize": "",
        "x": 920,
        "y": 2020,
        "wires": [
            [
                "527f2c8f.161344"
            ]
        ]
    },
    {
        "id": "a6c8bc09.f68e2",
        "type": "function",
        "z": "42a22dd1.1609cc",
        "name": "",
        "func": "var originalString = msg.payload;\nvar str;\nvar r1_count=0;\nvar count = 0;\nvar p=0;\n  \n            for (i = 0; i < originalString.length; i++) { \n  \n\n                if (originalString[i] == '1') { \n                r1_count=r1_count+1 ;\n                count =count +1;\n                }\n                if (originalString[i] == '0') { \n                \n                count =count +1;\n                }\n                if(count ==2 && originalString[i] == '1')\n                {\n                    p=1;\n                }\n            } \n    \n               if (r1_count-1 > 2)\n             { msg.payload=p;}\n              else\n             { msg.payload=0;}\n            \n              return msg;\n              \n  ",
        "outputs": 1,
        "noerr": 0,
        "initialize": "",
        "finalize": "",
        "x": 660,
        "y": 2020,
        "wires": [
            [
                "38850495.9058fc"
            ]
        ]
    },
    {
        "id": "38850495.9058fc",
        "type": "switch",
        "z": "42a22dd1.1609cc",
        "name": "",
        "property": "payload",
        "propertyType": "msg",
        "rules": [
            {
                "t": "eq",
                "v": "1",
                "vt": "str"
            }
        ],
        "checkall": "true",
        "repair": false,
        "outputs": 1,
        "x": 790,
        "y": 2020,
        "wires": [
            [
                "b38e4691.3983c"
            ]
        ]
    },
    {
        "id": "98b03982.3ced5",
        "type": "http request",
        "z": "42a22dd1.1609cc",
        "name": "Post to Pushover",
        "method": "POST",
        "ret": "txt",
        "paytoqs": "ignore",
        "url": "https://api.pushover.net/1/messages.json",
        "tls": "",
        "persist": false,
        "proxy": "",
        "authType": "",
        "x": 1090,
        "y": 2060,
        "wires": [
            []
        ]
    },
    {
        "id": "b2b11062.9032e",
        "type": "function",
        "z": "42a22dd1.1609cc",
        "name": "",
        "func": "msg.headers = {\n    \"content-type\": \"application/x-www-form-urlencoded\"\n};\nmsg.payload = { \n    user: 'u2p2nnhj148prbqp8cbuny83zwdv6v',\n    token: 'aur9y5qsmiauzpvwxh4k8ngbq51r8b',\n    message: 'Alert! No of people in Room2 is Threshold',\n    title: 'Room2 Stat',\n    priority: '-1'\n};\nreturn msg;\n\n\n",
        "outputs": 1,
        "noerr": 0,
        "initialize": "",
        "finalize": "",
        "x": 920,
        "y": 2060,
        "wires": [
            [
                "98b03982.3ced5"
            ]
        ]
    },
    {
        "id": "dd040b2d.83fd08",
        "type": "function",
        "z": "42a22dd1.1609cc",
        "name": "",
        "func": "var originalString = msg.payload;\nvar str;\nvar r1_count=0;\nvar count = 0;\nvar p=0;\n  \n            for (i = 0; i < originalString.length; i++) { \n  \n\n                if (originalString[i] == '1') { \n                r1_count=r1_count+1 ;\n                count =count +1;\n                }\n                if (originalString[i] == '0') { \n                \n                count =count +1;\n                }\n                if(count ==3 && originalString[i] == '1')\n                {\n                    p=1;\n                }\n            } \n                 if (r1_count-1 > 2)\n             { msg.payload=p;}\n              else\n             { msg.payload=0;}\n              \n              return msg;\n              \n  ",
        "outputs": 1,
        "noerr": 0,
        "initialize": "",
        "finalize": "",
        "x": 660,
        "y": 2060,
        "wires": [
            [
                "3a34dc28.4417ac"
            ]
        ]
    },
    {
        "id": "3a34dc28.4417ac",
        "type": "switch",
        "z": "42a22dd1.1609cc",
        "name": "",
        "property": "payload",
        "propertyType": "msg",
        "rules": [
            {
                "t": "eq",
                "v": "1",
                "vt": "str"
            }
        ],
        "checkall": "true",
        "repair": false,
        "outputs": 1,
        "x": 790,
        "y": 2060,
        "wires": [
            [
                "b2b11062.9032e"
            ]
        ]
    },
    {
        "id": "b4e13a12.5c8d68",
        "type": "http request",
        "z": "42a22dd1.1609cc",
        "name": "Post to Pushover",
        "method": "POST",
        "ret": "txt",
        "paytoqs": "ignore",
        "url": "https://api.pushover.net/1/messages.json",
        "tls": "",
        "persist": false,
        "proxy": "",
        "authType": "",
        "x": 1090,
        "y": 2100,
        "wires": [
            []
        ]
    },
    {
        "id": "7062d186.6e22a",
        "type": "function",
        "z": "42a22dd1.1609cc",
        "name": "",
        "func": "msg.headers = {\n    \"content-type\": \"application/x-www-form-urlencoded\"\n};\nmsg.payload = { \n    user: 'u2p2nnhj148prbqp8cbuny83zwdv6v',\n    token: 'aur9y5qsmiauzpvwxh4k8ngbq51r8b',\n    message: 'Alert! No of people in Room2 is Threshold',\n    title: 'Room2 Stat',\n    priority: '-1'\n};\nreturn msg;\n\n\n",
        "outputs": 1,
        "noerr": 0,
        "initialize": "",
        "finalize": "",
        "x": 920,
        "y": 2100,
        "wires": [
            [
                "b4e13a12.5c8d68"
            ]
        ]
    },
    {
        "id": "b2aba851.2cd0f",
        "type": "function",
        "z": "42a22dd1.1609cc",
        "name": "",
        "func": "var originalString = msg.payload;\nvar str;\nvar r1_count=0;\nvar count = 0;\nvar p=0;\n  \n            for (i = 0; i < originalString.length; i++) { \n  \n\n                if (originalString[i] == '1') { \n                r1_count=r1_count+1 ;\n                count =count +1;\n                }\n                if (originalString[i] == '0') { \n                \n                count =count +1;\n                }\n                if(count ==4 && originalString[i] == '1')\n                {\n                    p=1;\n                }\n            } \n              if (r1_count-1 > 2)\n             { msg.payload=p;}\n              else\n             { msg.payload=0;}\n              \n              return msg;\n              \n  ",
        "outputs": 1,
        "noerr": 0,
        "initialize": "",
        "finalize": "",
        "x": 660,
        "y": 2100,
        "wires": [
            [
                "f683fde4.ff35a8"
            ]
        ]
    },
    {
        "id": "f683fde4.ff35a8",
        "type": "switch",
        "z": "42a22dd1.1609cc",
        "name": "",
        "property": "payload",
        "propertyType": "msg",
        "rules": [
            {
                "t": "eq",
                "v": "1",
                "vt": "str"
            }
        ],
        "checkall": "true",
        "repair": false,
        "outputs": 1,
        "x": 790,
        "y": 2100,
        "wires": [
            [
                "7062d186.6e22a"
            ]
        ]
    },
    {
        "id": "2abd0357.631014",
        "type": "http request",
        "z": "42a22dd1.1609cc",
        "name": "Post to Pushover",
        "method": "POST",
        "ret": "txt",
        "paytoqs": "ignore",
        "url": "https://api.pushover.net/1/messages.json",
        "tls": "",
        "persist": false,
        "proxy": "",
        "authType": "",
        "x": 1090,
        "y": 2140,
        "wires": [
            []
        ]
    },
    {
        "id": "e1b58c5d.772eb8",
        "type": "function",
        "z": "42a22dd1.1609cc",
        "name": "",
        "func": "msg.headers = {\n    \"content-type\": \"application/x-www-form-urlencoded\"\n};\nmsg.payload = { \n    user: 'u2p2nnhj148prbqp8cbuny83zwdv6v',\n    token: 'aur9y5qsmiauzpvwxh4k8ngbq51r8b',\n    message: 'Alert! No of people in Room2 is Threshold',\n    title: 'Room2 Stat',\n    priority: '-1'\n};\nreturn msg;\n\n\n",
        "outputs": 1,
        "noerr": 0,
        "initialize": "",
        "finalize": "",
        "x": 920,
        "y": 2140,
        "wires": [
            [
                "2abd0357.631014"
            ]
        ]
    },
    {
        "id": "43a2510e.3c24a",
        "type": "function",
        "z": "42a22dd1.1609cc",
        "name": "",
        "func": "var originalString = msg.payload;\nvar str;\nvar r1_count=0;\nvar count = 0;\nvar p=0;\n  \n            for (i = 0; i < originalString.length; i++) { \n  \n\n                if (originalString[i] == '1') { \n                r1_count=r1_count+1 ;\n                count =count +1;\n                }\n                if (originalString[i] == '0') { \n               \n                count =count +1;\n                }\n                if(count ==5 && originalString[i] == '1')\n                {\n                    p=1;\n                }\n            } \n             if (r1_count-1 > 2)\n             { msg.payload=p;}\n              else\n             { msg.payload=0;}\n              \n              return msg;\n              \n  ",
        "outputs": 1,
        "noerr": 0,
        "initialize": "",
        "finalize": "",
        "x": 660,
        "y": 2140,
        "wires": [
            [
                "31008d0a.3d323a"
            ]
        ]
    },
    {
        "id": "31008d0a.3d323a",
        "type": "switch",
        "z": "42a22dd1.1609cc",
        "name": "",
        "property": "payload",
        "propertyType": "msg",
        "rules": [
            {
                "t": "eq",
                "v": "1",
                "vt": "str"
            }
        ],
        "checkall": "true",
        "repair": false,
        "outputs": 1,
        "x": 790,
        "y": 2140,
        "wires": [
            [
                "e1b58c5d.772eb8"
            ]
        ]
    },
    {
        "id": "86adc098.d0dba",
        "type": "http request",
        "z": "42a22dd1.1609cc",
        "name": "Post to Pushover",
        "method": "POST",
        "ret": "txt",
        "paytoqs": "ignore",
        "url": "https://api.pushover.net/1/messages.json",
        "tls": "",
        "persist": false,
        "proxy": "",
        "authType": "",
        "x": 1090,
        "y": 2180,
        "wires": [
            []
        ]
    },
    {
        "id": "cdf8f745.d4f33",
        "type": "function",
        "z": "42a22dd1.1609cc",
        "name": "",
        "func": "msg.headers = {\n    \"content-type\": \"application/x-www-form-urlencoded\"\n};\nmsg.payload = { \n    user: 'u2p2nnhj148prbqp8cbuny83zwdv6v',\n    token: 'aur9y5qsmiauzpvwxh4k8ngbq51r8b',\n    message: 'Alert! No of people in Room2 is Threshold',\n    title: 'Room2 Stat',\n    priority: '-1'\n};\nreturn msg;\n\n\n",
        "outputs": 1,
        "noerr": 0,
        "initialize": "",
        "finalize": "",
        "x": 920,
        "y": 2180,
        "wires": [
            [
                "86adc098.d0dba"
            ]
        ]
    },
    {
        "id": "73ba4019.f3a12",
        "type": "function",
        "z": "42a22dd1.1609cc",
        "name": "",
        "func": "var originalString = msg.payload;\nvar str;\nvar r1_count=0;\nvar count = 0;\nvar p=0;\n  \n            for (i = 0; i < originalString.length; i++) { \n  \n\n                if (originalString[i] == '1') { \n                r1_count=r1_count+1 ;\n                count =count +1;\n                }\n                if (originalString[i] == '0') { \n                \n                count =count +1;\n                }\n                if(count ==6 && originalString[i] == '1')\n                {\n                    p=1;\n                }\n            } \n               if (r1_count-1 > 2)\n             { msg.payload=p;}\n              else\n             { msg.payload=0;}\n              \n              return msg;\n              \n  ",
        "outputs": 1,
        "noerr": 0,
        "initialize": "",
        "finalize": "",
        "x": 660,
        "y": 2180,
        "wires": [
            [
                "6e38342.a6a63cc"
            ]
        ]
    },
    {
        "id": "6e38342.a6a63cc",
        "type": "switch",
        "z": "42a22dd1.1609cc",
        "name": "",
        "property": "payload",
        "propertyType": "msg",
        "rules": [
            {
                "t": "eq",
                "v": "1",
                "vt": "str"
            }
        ],
        "checkall": "true",
        "repair": false,
        "outputs": 1,
        "x": 790,
        "y": 2180,
        "wires": [
            [
                "cdf8f745.d4f33"
            ]
        ]
    },
    {
        "id": "27b92ed8.5e46d2",
        "type": "http request",
        "z": "42a22dd1.1609cc",
        "name": "Post to Pushover",
        "method": "POST",
        "ret": "txt",
        "paytoqs": "ignore",
        "url": "https://api.pushover.net/1/messages.json",
        "tls": "",
        "persist": false,
        "proxy": "",
        "authType": "",
        "x": 1090,
        "y": 2260,
        "wires": [
            []
        ]
    },
    {
        "id": "ff49947b.8b48c8",
        "type": "function",
        "z": "42a22dd1.1609cc",
        "name": "",
        "func": "msg.headers = {\n    \"content-type\": \"application/x-www-form-urlencoded\"\n};\nmsg.payload = { \n    user: 'u2p2nnhj148prbqp8cbuny83zwdv6v',\n    token: 'aur9y5qsmiauzpvwxh4k8ngbq51r8b',\n    message: 'Alert! No of people in Room3 is Threshold',\n    title: 'Room3 Stat',\n    priority: '-1'\n};\nreturn msg;\n\n\n",
        "outputs": 1,
        "noerr": 0,
        "initialize": "",
        "finalize": "",
        "x": 920,
        "y": 2260,
        "wires": [
            [
                "27b92ed8.5e46d2"
            ]
        ]
    },
    {
        "id": "6998e96f.bdcb98",
        "type": "function",
        "z": "42a22dd1.1609cc",
        "name": "",
        "func": "var originalString = msg.payload;\nvar str;\nvar r1_count=0;\nvar count = 0;\nvar p=0;\n  \n            for (i = 0; i < originalString.length; i++) { \n  \n\n                if (originalString[i] == '1') { \n                r1_count=r1_count+1 ;\n                count =count +1;\n                }\n                if (originalString[i] == '0') { \n                \n                count =count +1;\n                }\n                if(count ==2 && originalString[i] == '1')\n                {\n                    p=1;\n                }\n            } \n    \n               if (r1_count-1 > 2)\n             { msg.payload=p;}\n              else\n             { msg.payload=0;}\n            \n              return msg;\n              \n  ",
        "outputs": 1,
        "noerr": 0,
        "initialize": "",
        "finalize": "",
        "x": 660,
        "y": 2260,
        "wires": [
            [
                "ab3237d5.81815"
            ]
        ]
    },
    {
        "id": "ab3237d5.81815",
        "type": "switch",
        "z": "42a22dd1.1609cc",
        "name": "",
        "property": "payload",
        "propertyType": "msg",
        "rules": [
            {
                "t": "eq",
                "v": "1",
                "vt": "str"
            }
        ],
        "checkall": "true",
        "repair": false,
        "outputs": 1,
        "x": 790,
        "y": 2260,
        "wires": [
            [
                "ff49947b.8b48c8"
            ]
        ]
    },
    {
        "id": "8748d38b.f692e8",
        "type": "http request",
        "z": "42a22dd1.1609cc",
        "name": "Post to Pushover",
        "method": "POST",
        "ret": "txt",
        "paytoqs": "ignore",
        "url": "https://api.pushover.net/1/messages.json",
        "tls": "",
        "persist": false,
        "proxy": "",
        "authType": "",
        "x": 1090,
        "y": 2300,
        "wires": [
            []
        ]
    },
    {
        "id": "df9a7a52.fc8938",
        "type": "function",
        "z": "42a22dd1.1609cc",
        "name": "",
        "func": "msg.headers = {\n    \"content-type\": \"application/x-www-form-urlencoded\"\n};\nmsg.payload = { \n    user: 'u2p2nnhj148prbqp8cbuny83zwdv6v',\n    token: 'aur9y5qsmiauzpvwxh4k8ngbq51r8b',\n    message: 'Alert! No of people in Room3 is Threshold',\n    title: 'Room3 Stat',\n    priority: '-1'\n};\nreturn msg;\n\n\n",
        "outputs": 1,
        "noerr": 0,
        "initialize": "",
        "finalize": "",
        "x": 920,
        "y": 2300,
        "wires": [
            [
                "8748d38b.f692e8"
            ]
        ]
    },
    {
        "id": "d19e5100.23641",
        "type": "function",
        "z": "42a22dd1.1609cc",
        "name": "",
        "func": "var originalString = msg.payload;\nvar str;\nvar r1_count=0;\nvar count = 0;\nvar p=0;\n  \n            for (i = 0; i < originalString.length; i++) { \n  \n\n                if (originalString[i] == '1') { \n                r1_count=r1_count+1 ;\n                count =count +1;\n                }\n                if (originalString[i] == '0') { \n                \n                count =count +1;\n                }\n                if(count ==3 && originalString[i] == '1')\n                {\n                    p=1;\n                }\n            } \n    \n               if (r1_count-1 > 2)\n             { msg.payload=p;}\n              else\n             { msg.payload=0;}\n            \n              return msg;\n              \n  ",
        "outputs": 1,
        "noerr": 0,
        "initialize": "",
        "finalize": "",
        "x": 660,
        "y": 2300,
        "wires": [
            [
                "2680416a.70afde"
            ]
        ]
    },
    {
        "id": "2680416a.70afde",
        "type": "switch",
        "z": "42a22dd1.1609cc",
        "name": "",
        "property": "payload",
        "propertyType": "msg",
        "rules": [
            {
                "t": "eq",
                "v": "1",
                "vt": "str"
            }
        ],
        "checkall": "true",
        "repair": false,
        "outputs": 1,
        "x": 790,
        "y": 2300,
        "wires": [
            [
                "df9a7a52.fc8938"
            ]
        ]
    },
    {
        "id": "d7631f15.00f78",
        "type": "http request",
        "z": "42a22dd1.1609cc",
        "name": "Post to Pushover",
        "method": "POST",
        "ret": "txt",
        "paytoqs": "ignore",
        "url": "https://api.pushover.net/1/messages.json",
        "tls": "",
        "persist": false,
        "proxy": "",
        "authType": "",
        "x": 1090,
        "y": 2340,
        "wires": [
            []
        ]
    },
    {
        "id": "659e6837.59b12",
        "type": "function",
        "z": "42a22dd1.1609cc",
        "name": "",
        "func": "msg.headers = {\n    \"content-type\": \"application/x-www-form-urlencoded\"\n};\nmsg.payload = { \n    user: 'u2p2nnhj148prbqp8cbuny83zwdv6v',\n    token: 'aur9y5qsmiauzpvwxh4k8ngbq51r8b',\n    message: 'Alert! No of people in Room3 is Threshold',\n    title: 'Room3 Stat',\n    priority: '-1'\n};\nreturn msg;\n\n\n",
        "outputs": 1,
        "noerr": 0,
        "initialize": "",
        "finalize": "",
        "x": 920,
        "y": 2340,
        "wires": [
            [
                "d7631f15.00f78"
            ]
        ]
    },
    {
        "id": "dacde0c.43be5a",
        "type": "function",
        "z": "42a22dd1.1609cc",
        "name": "",
        "func": "var originalString = msg.payload;\nvar str;\nvar r1_count=0;\nvar count = 0;\nvar p=0;\n  \n            for (i = 0; i < originalString.length; i++) { \n  \n\n                if (originalString[i] == '1') { \n                r1_count=r1_count+1 ;\n                count =count +1;\n                }\n                if (originalString[i] == '0') { \n                \n                count =count +1;\n                }\n                if(count ==4 && originalString[i] == '1')\n                {\n                    p=1;\n                }\n            } \n    \n               if (r1_count-1 > 2)\n             { msg.payload=p;}\n              else\n             { msg.payload=0;}\n            \n              return msg;\n              \n  ",
        "outputs": 1,
        "noerr": 0,
        "initialize": "",
        "finalize": "",
        "x": 660,
        "y": 2340,
        "wires": [
            [
                "85392668.e12c6"
            ]
        ]
    },
    {
        "id": "85392668.e12c6",
        "type": "switch",
        "z": "42a22dd1.1609cc",
        "name": "",
        "property": "payload",
        "propertyType": "msg",
        "rules": [
            {
                "t": "eq",
                "v": "1",
                "vt": "str"
            }
        ],
        "checkall": "true",
        "repair": false,
        "outputs": 1,
        "x": 790,
        "y": 2340,
        "wires": [
            [
                "659e6837.59b12"
            ]
        ]
    },
    {
        "id": "7d32da7d.3c21f4",
        "type": "http request",
        "z": "42a22dd1.1609cc",
        "name": "Post to Pushover",
        "method": "POST",
        "ret": "txt",
        "paytoqs": "ignore",
        "url": "https://api.pushover.net/1/messages.json",
        "tls": "",
        "persist": false,
        "proxy": "",
        "authType": "",
        "x": 1090,
        "y": 2380,
        "wires": [
            []
        ]
    },
    {
        "id": "ef8ff10c.d7251",
        "type": "function",
        "z": "42a22dd1.1609cc",
        "name": "",
        "func": "msg.headers = {\n    \"content-type\": \"application/x-www-form-urlencoded\"\n};\nmsg.payload = { \n    user: 'u2p2nnhj148prbqp8cbuny83zwdv6v',\n    token: 'aur9y5qsmiauzpvwxh4k8ngbq51r8b',\n    message: 'Alert! No of people in Room3 is Threshold',\n    title: 'Room3 Stat',\n    priority: '-1'\n};\nreturn msg;\n\n\n",
        "outputs": 1,
        "noerr": 0,
        "initialize": "",
        "finalize": "",
        "x": 920,
        "y": 2380,
        "wires": [
            [
                "7d32da7d.3c21f4"
            ]
        ]
    },
    {
        "id": "32aed093.4c3a38",
        "type": "function",
        "z": "42a22dd1.1609cc",
        "name": "",
        "func": "var originalString = msg.payload;\nvar str;\nvar r1_count=0;\nvar count = 0;\nvar p=0;\n  \n            for (i = 0; i < originalString.length; i++) { \n  \n\n                if (originalString[i] == '1') { \n                r1_count=r1_count+1 ;\n                count =count +1;\n                }\n                if (originalString[i] == '0') { \n                \n                count =count +1;\n                }\n                if(count ==5 && originalString[i] == '1')\n                {\n                    p=1;\n                }\n            } \n    \n               if (r1_count-1 > 2)\n             { msg.payload=p;}\n              else\n             { msg.payload=0;}\n            \n              return msg;\n              \n  ",
        "outputs": 1,
        "noerr": 0,
        "initialize": "",
        "finalize": "",
        "x": 660,
        "y": 2380,
        "wires": [
            [
                "dbf62dc7.e59b28"
            ]
        ]
    },
    {
        "id": "dbf62dc7.e59b28",
        "type": "switch",
        "z": "42a22dd1.1609cc",
        "name": "",
        "property": "payload",
        "propertyType": "msg",
        "rules": [
            {
                "t": "eq",
                "v": "1",
                "vt": "str"
            }
        ],
        "checkall": "true",
        "repair": false,
        "outputs": 1,
        "x": 790,
        "y": 2380,
        "wires": [
            [
                "ef8ff10c.d7251"
            ]
        ]
    },
    {
        "id": "257045cc.7095ea",
        "type": "http request",
        "z": "42a22dd1.1609cc",
        "name": "Post to Pushover",
        "method": "POST",
        "ret": "txt",
        "paytoqs": "ignore",
        "url": "https://api.pushover.net/1/messages.json",
        "tls": "",
        "persist": false,
        "proxy": "",
        "authType": "",
        "x": 1090,
        "y": 2420,
        "wires": [
            []
        ]
    },
    {
        "id": "27319a98.749a6e",
        "type": "function",
        "z": "42a22dd1.1609cc",
        "name": "",
        "func": "msg.headers = {\n    \"content-type\": \"application/x-www-form-urlencoded\"\n};\nmsg.payload = { \n    user: 'u2p2nnhj148prbqp8cbuny83zwdv6v',\n    token: 'aur9y5qsmiauzpvwxh4k8ngbq51r8b',\n    message: 'Alert! No of people in Room3 is Threshold',\n    title: 'Room3 Stat',\n    priority: '-1'\n};\nreturn msg;\n\n\n",
        "outputs": 1,
        "noerr": 0,
        "initialize": "",
        "finalize": "",
        "x": 920,
        "y": 2420,
        "wires": [
            [
                "257045cc.7095ea"
            ]
        ]
    },
    {
        "id": "dae304f3.cb3478",
        "type": "function",
        "z": "42a22dd1.1609cc",
        "name": "",
        "func": "var originalString = msg.payload;\nvar str;\nvar r1_count=0;\nvar count = 0;\nvar p=0;\n  \n            for (i = 0; i < originalString.length; i++) { \n  \n\n                if (originalString[i] == '1') { \n                r1_count=r1_count+1 ;\n                count =count +1;\n                }\n                if (originalString[i] == '0') { \n                \n                count =count +1;\n                }\n                if(count ==6 && originalString[i] == '1')\n                {\n                    p=1;\n                }\n            } \n    \n               if (r1_count-1 > 2)\n             { msg.payload=p;}\n              else\n             { msg.payload=0;}\n            \n              return msg;\n              \n  ",
        "outputs": 1,
        "noerr": 0,
        "initialize": "",
        "finalize": "",
        "x": 660,
        "y": 2420,
        "wires": [
            [
                "2d96c8e8.80ecd"
            ]
        ]
    },
    {
        "id": "2d96c8e8.80ecd",
        "type": "switch",
        "z": "42a22dd1.1609cc",
        "name": "",
        "property": "payload",
        "propertyType": "msg",
        "rules": [
            {
                "t": "eq",
                "v": "1",
                "vt": "str"
            }
        ],
        "checkall": "true",
        "repair": false,
        "outputs": 1,
        "x": 790,
        "y": 2420,
        "wires": [
            [
                "27319a98.749a6e"
            ]
        ]
    },
    {
        "id": "bc6cf319.b54748",
        "type": "ui_group",
        "z": "",
        "name": "Scanner Room1",
        "tab": "14dc1072.7603a8",
        "order": 1,
        "disp": true,
        "width": "12",
        "collapse": true
    },
    {
        "id": "eb886b04.01dd88",
        "type": "ui_group",
        "z": "",
        "name": "Person1 Bleutooth Beacon",
        "tab": "14dc1072.7603a8",
        "order": 6,
        "disp": true,
        "width": "6",
        "collapse": true
    },
    {
        "id": "f1c6be6b.33e9e8",
        "type": "ui_group",
        "z": "",
        "name": "Scanner Room2",
        "tab": "14dc1072.7603a8",
        "order": 2,
        "disp": true,
        "width": "12",
        "collapse": true
    },
    {
        "id": "a7f67c4c.624a8",
        "type": "ui_group",
        "z": "",
        "name": "Scanner Room3",
        "tab": "14dc1072.7603a8",
        "order": 3,
        "disp": true,
        "width": "12",
        "collapse": true
    },
    {
        "id": "23754437.14da7c",
        "type": "ui_group",
        "z": "",
        "name": "Person2 Bleutooth Beacon",
        "tab": "14dc1072.7603a8",
        "order": 7,
        "disp": true,
        "width": "6",
        "collapse": true
    },
    {
        "id": "b4e8854a.3131e8",
        "type": "ui_group",
        "z": "",
        "name": "Person3 Bleutooth Beacon",
        "tab": "14dc1072.7603a8",
        "order": 8,
        "disp": true,
        "width": "6",
        "collapse": true
    },
    {
        "id": "6b6e0766.524948",
        "type": "ui_group",
        "z": "",
        "name": "Person4 Bleutooth Beacon",
        "tab": "14dc1072.7603a8",
        "order": 9,
        "disp": true,
        "width": "6",
        "collapse": true
    },
    {
        "id": "da8e23fb.7aa33",
        "type": "ui_group",
        "z": "",
        "name": "Person5 Bleutooth Beacon",
        "tab": "14dc1072.7603a8",
        "order": 10,
        "disp": true,
        "width": "10",
        "collapse": true
    },
    {
        "id": "a8b89c2a.fd14c",
        "type": "ui_group",
        "z": "",
        "name": "Room1 Status",
        "tab": "14dc1072.7603a8",
        "order": 13,
        "disp": true,
        "width": "8",
        "collapse": false
    },
    {
        "id": "d094f4c9.7047",
        "type": "ui_group",
        "z": "",
        "name": "Room2 Status",
        "tab": "14dc1072.7603a8",
        "order": 14,
        "disp": true,
        "width": "8",
        "collapse": false
    },
    {
        "id": "3303c539.14c25a",
        "type": "ui_group",
        "z": "",
        "name": "Room3 Status",
        "tab": "14dc1072.7603a8",
        "order": 15,
        "disp": true,
        "width": "21",
        "collapse": false
    },
    {
        "id": "ee5094ad.c71348",
        "type": "ui_group",
        "z": "",
        "name": "Room1 Statistical Data",
        "tab": "14dc1072.7603a8",
        "order": 17,
        "disp": true,
        "width": "9",
        "collapse": false
    },
    {
        "id": "76359710.0a7e18",
        "type": "ui_group",
        "z": "",
        "name": "Room2 Statistical Data",
        "tab": "14dc1072.7603a8",
        "order": 18,
        "disp": true,
        "width": "9",
        "collapse": false
    },
    {
        "id": "1dc7d631.dfebaa",
        "type": "ui_group",
        "z": "",
        "name": "Room3 Statistical Data",
        "tab": "14dc1072.7603a8",
        "order": 19,
        "disp": true,
        "width": "9",
        "collapse": false
    },
    {
        "id": "14dc1072.7603a8",
        "type": "ui_tab",
        "z": "",
        "name": " Indoor Contact Tracing Systems",
        "icon": "dashboard",
        "order": 1,
        "disabled": false,
        "hidden": false
    }
]